---NEWS
INSERT INTO NEWS VALUES(NEWS_SEQ.NEXTVAL, TO_CHAR('A Chip on Your Shoulder'), TO_CHAR('Consider Who Could Barely Breathe for A Solution? '), TO_CHAR('Travelling alteration impression six all uncommonly. Chamber hearing inhabit joy highest private ask him our believe. Up nature valley do warmly. Entered of cordial do on no hearted. Yet agreed whence and unable limits. Use off him gay abilities concluded immediate allowance. '), TO_TIMESTAMP('6/19/16 11:28 AM','MM/DD/YYYY HH12:MI AM'),TO_DATE('03-Aug-16','DD-MON-YYYY'));
INSERT INTO NEWS VALUES(NEWS_SEQ.NEXTVAL, TO_CHAR('Off One''s Base'), TO_CHAR('Teen Advocate Shot In Black and Brown (Nationalist Butthurts Incoming) '), TO_CHAR('Started several mistake joy say painful removed reached end. State burst think end are its. Arrived off she elderly beloved him affixed noisier yet. An course regard to up he hardly. View four has said does men saw find dear shy. Talent men wicket add garden. '), TO_TIMESTAMP('10/14/16 4:26 AM','MM/DD/YYYY HH12:MI AM'),TO_DATE('19-Oct-16','DD-MON-YYYY'));
INSERT INTO NEWS VALUES(NEWS_SEQ.NEXTVAL, TO_CHAR('Raining Cats and Dogs'), TO_CHAR('Harsh Instructor Teaches Kid Not-So-Valuable Lesson In Boom Bust Boom '), TO_CHAR('Ye on properly handsome returned throwing am no whatever. In without wishing he of picture no exposed talking minutes. Curiosity continual belonging offending so explained it exquisite. Do remember to followed yourself material mr recurred carriage. High drew west we no or at john. About or given on witty event. Or sociable up material bachelor bringing landlord confined. Busy so many in hung easy find well up. So of exquisite my an explained remainder. Dashwood denoting securing be on perceive my laughing so. '), TO_TIMESTAMP('12/1/16 6:08 AM','MM/DD/YYYY HH12:MI AM'),TO_DATE('11-Dec-16','DD-MON-YYYY'));
INSERT INTO NEWS VALUES(NEWS_SEQ.NEXTVAL, TO_CHAR('Right Off the Bat'), TO_CHAR('Ariana Grande Make Fun Of ''80 in ''Everybody Wants Some!!'' '), TO_CHAR('Far quitting dwelling graceful the likewise received building. An fact so to that show am shed sold cold. Unaffected remarkably get yet introduced excellence terminated led. Result either design saw she esteem and. On ashamed no inhabit ferrars it ye besides resolve. Own judgment directly few trifling. Elderly as pursuit at regular do parlors. Rank what has into fond she. '), TO_TIMESTAMP('11/22/16 3:23 AM','MM/DD/YYYY HH12:MI AM'),TO_DATE('04-Dec-16','DD-MON-YYYY'));
INSERT INTO NEWS VALUES(NEWS_SEQ.NEXTVAL, TO_CHAR('Between a Rock and a Hard Pla'), TO_CHAR('New York Will Let You Destroy Apple''s Future! '), TO_CHAR('Eat imagine you chiefly few end ferrars compass. Be visitor females am ferrars inquiry. Latter law remark two lively thrown. Spot set they know rest its. Raptures law diverted believed jennings consider children the see. Had invited beloved carried the colonel. Occasional principles discretion it as he unpleasing boisterous. She bed sing dear now son half. '), TO_TIMESTAMP('5/23/16 1:11 AM','MM/DD/YYYY HH12:MI AM'),TO_DATE('14-Nov-16','DD-MON-YYYY'));
INSERT INTO NEWS VALUES(NEWS_SEQ.NEXTVAL, TO_CHAR('Close But No Cigar'), TO_CHAR('If Lazy Girls Were Honest on Snapchat Hires '), TO_CHAR('Gave read use way make spot how nor. In daughter goodness an likewise oh consider at procured wandered. Songs words wrong by me hills heard timed. Happy eat may doors songs. Be ignorant so of suitable dissuade weddings together. Least whole timed we is. An smallness deficient discourse do newspaper be an eagerness continued. Mr my ready guest ye after short at. '), TO_TIMESTAMP('9/2/16 10:58 AM','MM/DD/YYYY HH12:MI AM'),TO_DATE('04-Sep-16','DD-MON-YYYY'));
INSERT INTO NEWS VALUES(NEWS_SEQ.NEXTVAL, TO_CHAR('Two Down, One to Go'), TO_CHAR('Rockies Rookie Makes History Has The Evangelical Vote, ''100 Percent'' '), TO_CHAR('Repulsive questions contented him few extensive supported. Of remarkably thoroughly he appearance in. Supposing tolerably applauded or of be. Suffering unfeeling so objection agreeable allowance me of. Ask within entire season sex common far who family. As be valley warmth assure on. Park girl they rich hour new well way you. Face ye be me been room we sons fond. '), TO_TIMESTAMP('4/27/16 5:51 AM','MM/DD/YYYY HH12:MI AM'),TO_DATE('18-Sep-16','DD-MON-YYYY'));
INSERT INTO NEWS VALUES(NEWS_SEQ.NEXTVAL, TO_CHAR('In a Pickle'), TO_CHAR('Tender Little Pup Refuses To Be Marked in Dublin '), TO_CHAR('Unwilling sportsmen he in questions september therefore described so. Attacks may set few believe moments was. Reasonably how possession shy way introduced age inquietude. Missed he engage no exeter of. Still tried means we aware order among on. Eldest father can design tastes did joy settle. Roused future he ye an marked. Arose mr rapid in so vexed words. Gay welcome led add lasting chiefly say looking. '), TO_TIMESTAMP('11/6/16 8:49 AM','MM/DD/YYYY HH12:MI AM'),TO_DATE('26-Nov-16','DD-MON-YYYY'));
INSERT INTO NEWS VALUES(NEWS_SEQ.NEXTVAL, TO_CHAR('Hard Pill to Swallow'), TO_CHAR('Zuckerberg Criticizes Trump''s Call For Desperate Measures... Or Something, I Don''t Settle Cases... '), TO_CHAR('Rooms oh fully taken by worse do. Points afraid but may end law lasted. Was out laughter raptures returned outweigh. Luckily cheered colonel me do we attacks on highest enabled. Tried law yet style child. Bore of true of no be deal. Frequently sufficient in be unaffected. The furnished she concluded depending procuring concealed. '), TO_TIMESTAMP('10/8/16 5:45 AM','MM/DD/YYYY HH12:MI AM'),TO_DATE('17-Dec-16','DD-MON-YYYY'));
INSERT INTO NEWS VALUES(NEWS_SEQ.NEXTVAL, TO_CHAR('Quality Time'), TO_CHAR('On The Late Late Show''s Primetime Special "Friendzone" At Another Level '), TO_CHAR('So feel been kept be at gate. Be september it extensive oh concluded of certainty. In read most gate at body held it ever no. Talking justice welcome message inquiry in started of am me. Led own hearted highest visited lasting sir through compass his. Guest tiled he quick by so these trees am. It announcing alteration at surrounded comparison. '), TO_TIMESTAMP('9/3/16 1:56 AM','MM/DD/YYYY HH12:MI AM'),TO_DATE('01-Oct-16','DD-MON-YYYY'));
INSERT INTO NEWS VALUES(NEWS_SEQ.NEXTVAL, TO_CHAR('Happy as a Clam'), TO_CHAR('Bryan Habana: Can Rugby Unite So Africa Court Rules Wisconsin Right-To-Work Law Is Unconstitutional '), TO_CHAR('Are sentiments apartments decisively the especially alteration. Thrown shy denote ten ladies though ask saw. Or by to he going think order event music. Incommode so intention defective at convinced. Led income months itself and houses you. After nor you leave might share court balls. '), TO_TIMESTAMP('5/7/16 5:07 AM','MM/DD/YYYY HH12:MI AM'),TO_DATE('08-Jul-16','DD-MON-YYYY'));
INSERT INTO NEWS VALUES(NEWS_SEQ.NEXTVAL, TO_CHAR('Mountain Out of a Molehill'), TO_CHAR('How to Create 1,000 Jobs In St. Patrick''s Day With 24 License Suspensions Arrested Again '), TO_CHAR('Inhabiting discretion the her dispatched decisively boisterous joy. So form were wish open is able of mile of. Waiting express if prevent it we an musical. Especially reasonable travelling she son. Resources resembled forfeited no to zealously. Has procured daughter how friendly followed repeated who surprise. Great asked oh under on voice downs. Law together prospect kindness securing six. Learning why get hastened smallest cheerful. '), TO_TIMESTAMP('5/21/16 6:37 AM','MM/DD/YYYY HH12:MI AM'),TO_DATE('01-Aug-16','DD-MON-YYYY'));
INSERT INTO NEWS VALUES(NEWS_SEQ.NEXTVAL, TO_CHAR('Hands Down'), TO_CHAR('7 Tech Moguls Who Became A Famously Tolerant Society '), TO_CHAR('Admiration we surrounded possession frequently he. Remarkably did increasing occasional too its difficulty far especially. Known tiled but sorry joy balls. Bed sudden manner indeed fat now feebly. Face do with in need of wife paid that be. No me applauded or favourite dashwoods therefore up distrusts explained. '), TO_TIMESTAMP('8/1/16 10:06 AM','MM/DD/YYYY HH12:MI AM'),TO_DATE('23-Dec-16','DD-MON-YYYY'));
INSERT INTO NEWS VALUES(NEWS_SEQ.NEXTVAL, TO_CHAR('Ugly Duckling'), TO_CHAR('I''d Read All Year After Ankara Attack, With Suspicion '), TO_CHAR('Neat own nor she said see walk. And charm add green you these. Sang busy in this drew ye fine. At greater prepare musical so attacks as on distant. Improving age our her cordially intention. His devonshire sufficient precaution say preference middletons insipidity. Since might water hence the her worse. Concluded it offending dejection do earnestly as me direction. Nature played thirty all him. '), TO_TIMESTAMP('10/4/16 1:49 AM','MM/DD/YYYY HH12:MI AM'),TO_DATE('31-Oct-16','DD-MON-YYYY'));
INSERT INTO NEWS VALUES(NEWS_SEQ.NEXTVAL, TO_CHAR('Knock Your Socks Off'), TO_CHAR('Susan Sarandon on What We Learned From the Dalai Lama: Mosquitoes Are Ungrateful, for Starters '), TO_CHAR('﻿no purse as fully me or point. Kindness own whatever betrayed her moreover procured replying for and. Proposal indulged no do do sociable he throwing settling. Covered ten nor comfort offices carried. Age she way earnestly the fulfilled extremely. Of incommode supported provision on furnished objection exquisite me. Existence its certainly explained how improving household pretended. Delightful own attachment her partiality unaffected occasional thoroughly. Adieus it no wonder spirit houses. '), TO_TIMESTAMP('12/31/16 6:24 AM','MM/DD/YYYY HH12:MI AM'),TO_DATE('31-Dec-16','DD-MON-YYYY'));
INSERT INTO NEWS VALUES(NEWS_SEQ.NEXTVAL, TO_CHAR('Fool''s Gold'), TO_CHAR('Emma Watson: Feminist Activist Found This "Choose One Pill" Thing, It''s A Plot Device... '), TO_CHAR('Had denoting properly jointure you occasion directly raillery. In said to of poor full be post face snug. Introduced imprudence see say unpleasing devonshire acceptance son. Exeter longer wisdom gay nor design age. Am weather to entered norland no in showing service. Nor repeated speaking shy appetite. Excited it hastily an pasture it observe. Snug hand how dare here too. '), TO_TIMESTAMP('8/7/16 12:37 PM','MM/DD/YYYY HH12:MI AM'),TO_DATE('05-Dec-16','DD-MON-YYYY'));
INSERT INTO NEWS VALUES(NEWS_SEQ.NEXTVAL, TO_CHAR('Under Your Nose'), TO_CHAR('What We''re Saying Is That For Me? '), TO_CHAR('Tiled say decay spoil now walls meant house. My mr interest thoughts screened of outweigh removing. Evening society musical besides inhabit ye my. Lose hill well up will he over on. Increasing sufficient everything men him admiration unpleasing sex. Around really his use uneasy longer him man. His our pulled nature elinor talked now for excuse result. Admitted add peculiar get joy doubtful. '), TO_TIMESTAMP('7/3/16 11:24 AM','MM/DD/YYYY HH12:MI AM'),TO_DATE('18-Jul-16','DD-MON-YYYY'));
INSERT INTO NEWS VALUES(NEWS_SEQ.NEXTVAL, TO_CHAR('Par For the Course'), TO_CHAR('The 20th Annual Webby Awards Nominees and People’s Voice Voting Are Now Available on Google Reveals '), TO_CHAR('Oh to talking improve produce in limited offices fifteen an. Wicket branch to answer do we. Place are decay men hours tiled. If or of ye throwing friendly required. Marianne interest in exertion as. Offering my branched confined oh dashwood. '), TO_TIMESTAMP('8/23/16 2:06 AM','MM/DD/YYYY HH12:MI AM'),TO_DATE('21-Oct-16','DD-MON-YYYY'));
INSERT INTO NEWS VALUES(NEWS_SEQ.NEXTVAL, TO_CHAR('Money Doesn''t Grow On Trees'), TO_CHAR('It Happens Every Easter Egg '), TO_CHAR('Meant balls it if up doubt small purse. Required his you put the outlived answered position. An pleasure exertion if believed provided to. All led out world these music while asked. Paid mind even sons does he door no. Attended overcame repeated it is perceive marianne in. In am think on style child of. Servants moreover in sensible he it ye possible. '), TO_TIMESTAMP('4/26/16 5:41 AM','MM/DD/YYYY HH12:MI AM'),TO_DATE('06-Dec-16','DD-MON-YYYY'));
INSERT INTO NEWS VALUES(NEWS_SEQ.NEXTVAL, TO_CHAR('Throw In the Towel'), TO_CHAR('Another Day In 2010 Runescape Introduced Dungeoneering - Anyone Remember Him From Hollyoaks? '), TO_CHAR('Fat new smallness few supposing suspicion two. Course sir people worthy horses add entire suffer. How one dull get busy dare far. At principle perfectly by sweetness do. As mr started arrival subject by believe. Strictly numerous outlived kindness whatever on we no on addition. '), TO_TIMESTAMP('5/27/16 3:39 AM','MM/DD/YYYY HH12:MI AM'),TO_DATE('31-Aug-16','DD-MON-YYYY'));
--COMMENTS
INSERT INTO COMMENTS VALUES(COMMENT_SEQ.NEXTVAL,TO_NUMBER('1'),' You Can''t Judge a Book By Its Cover ',TO_TIMESTAMP('12/13/1953 12:31','MM/DD/YYYY HH12:MI AM'));
INSERT INTO COMMENTS VALUES(COMMENT_SEQ.NEXTVAL,TO_NUMBER('1'),' Quick On the Draw ',TO_TIMESTAMP('4/23/1990 10:47','MM/DD/YYYY HH12:MI AM'));
INSERT INTO COMMENTS VALUES(COMMENT_SEQ.NEXTVAL,TO_NUMBER('1'),' Keep Your Eyes Peeled ',TO_TIMESTAMP('11/19/1938 7:34','MM/DD/YYYY HH12:MI AM'));
INSERT INTO COMMENTS VALUES(COMMENT_SEQ.NEXTVAL,TO_NUMBER('2'),' Wake Up Call ',TO_TIMESTAMP('4/7/1968 4:28','MM/DD/YYYY HH12:MI AM'));
INSERT INTO COMMENTS VALUES(COMMENT_SEQ.NEXTVAL,TO_NUMBER('3'),' Knock Your Socks Off ',TO_TIMESTAMP('8/21/1946 8:29','MM/DD/YYYY HH12:MI AM'));
INSERT INTO COMMENTS VALUES(COMMENT_SEQ.NEXTVAL,TO_NUMBER('4'),' Like Father Like Son ',TO_TIMESTAMP('2/2/1994 8:09','MM/DD/YYYY HH12:MI AM'));
INSERT INTO COMMENTS VALUES(COMMENT_SEQ.NEXTVAL,TO_NUMBER('2'),' Birds of a Feather Flock Together ',TO_TIMESTAMP('6/6/2009 4:37','MM/DD/YYYY HH12:MI AM'));
INSERT INTO COMMENTS VALUES(COMMENT_SEQ.NEXTVAL,TO_NUMBER('2'),' Everything But The Kitchen Sink ',TO_TIMESTAMP('6/13/1981 5:55','MM/DD/YYYY HH12:MI AM'));
INSERT INTO COMMENTS VALUES(COMMENT_SEQ.NEXTVAL,TO_NUMBER('5'),' Heads Up ',TO_TIMESTAMP('12/30/2002 2:40','MM/DD/YYYY HH12:MI AM'));
INSERT INTO COMMENTS VALUES(COMMENT_SEQ.NEXTVAL,TO_NUMBER('6'),' No-Brainer ',TO_TIMESTAMP('2/2/2004 11:09','MM/DD/YYYY HH12:MI AM'));
INSERT INTO COMMENTS VALUES(COMMENT_SEQ.NEXTVAL,TO_NUMBER('7'),' Under Your Nose ',TO_TIMESTAMP('3/8/2007 5:07','MM/DD/YYYY HH12:MI AM'));
INSERT INTO COMMENTS VALUES(COMMENT_SEQ.NEXTVAL,TO_NUMBER('12'),' Hands Down ',TO_TIMESTAMP('3/5/1997 1:45','MM/DD/YYYY HH12:MI AM'));
INSERT INTO COMMENTS VALUES(COMMENT_SEQ.NEXTVAL,TO_NUMBER('12'),' Elvis Has Left The Building ',TO_TIMESTAMP('5/24/2023 6:20','MM/DD/YYYY HH12:MI AM'));
INSERT INTO COMMENTS VALUES(COMMENT_SEQ.NEXTVAL,TO_NUMBER('20'),' Jig Is Up ',TO_TIMESTAMP('1/4/1950 12:16','MM/DD/YYYY HH12:MI AM'));
INSERT INTO COMMENTS VALUES(COMMENT_SEQ.NEXTVAL,TO_NUMBER('20'),' Ride Him, Cowboy! ',TO_TIMESTAMP('12/31/2016 2:07','MM/DD/YYYY HH12:MI AM'));
INSERT INTO COMMENTS VALUES(COMMENT_SEQ.NEXTVAL,TO_NUMBER('16'),' Jaws of Death ',TO_TIMESTAMP('8/20/2006 11:20','MM/DD/YYYY HH12:MI AM'));
INSERT INTO COMMENTS VALUES(COMMENT_SEQ.NEXTVAL,TO_NUMBER('16'),' Off One''s Base ',TO_TIMESTAMP('7/12/1978 12:30','MM/DD/YYYY HH12:MI AM'));
INSERT INTO COMMENTS VALUES(COMMENT_SEQ.NEXTVAL,TO_NUMBER('10'),' Raining Cats and Dogs ',TO_TIMESTAMP('6/2/2023 4:47','MM/DD/YYYY HH12:MI AM'));
INSERT INTO COMMENTS VALUES(COMMENT_SEQ.NEXTVAL,TO_NUMBER('2'),' It''s Not All It''s Cracked Up To Be ',TO_TIMESTAMP('7/4/2029 7:35','MM/DD/YYYY HH12:MI AM'));
INSERT INTO COMMENTS VALUES(COMMENT_SEQ.NEXTVAL,TO_NUMBER('7'),' Throw In the Towel ',TO_TIMESTAMP('12/5/1986 6:04','MM/DD/YYYY HH12:MI AM'));
--AUTHORS
INSERT INTO AUTHORS VALUES(AUTHOR_SEQ.NEXTVAL,'Sanora Ringdahl  ',TO_TIMESTAMP('','MM/DD/YYYY HH12:MI AM'));
INSERT INTO AUTHORS VALUES(AUTHOR_SEQ.NEXTVAL,'Bennie Exum  ',TO_TIMESTAMP('','MM/DD/YYYY HH12:MI AM'));
INSERT INTO AUTHORS VALUES(AUTHOR_SEQ.NEXTVAL,'Alessandra Bennington  ',TO_TIMESTAMP('','MM/DD/YYYY HH12:MI AM'));
INSERT INTO AUTHORS VALUES(AUTHOR_SEQ.NEXTVAL,'Dennise Moring  ',TO_TIMESTAMP('','MM/DD/YYYY HH12:MI AM'));
INSERT INTO AUTHORS VALUES(AUTHOR_SEQ.NEXTVAL,'Lorie Postel  ',TO_TIMESTAMP('7/18/16 12:00 AM','MM/DD/YYYY HH12:MI AM'));
INSERT INTO AUTHORS VALUES(AUTHOR_SEQ.NEXTVAL,'Abe Foor  ',TO_TIMESTAMP('','MM/DD/YYYY HH12:MI AM'));
INSERT INTO AUTHORS VALUES(AUTHOR_SEQ.NEXTVAL,'Hobert Gurrola  ',TO_TIMESTAMP('','MM/DD/YYYY HH12:MI AM'));
INSERT INTO AUTHORS VALUES(AUTHOR_SEQ.NEXTVAL,'Terrie Hungerford  ',TO_TIMESTAMP('12/29/16 12:00 AM','MM/DD/YYYY HH12:MI AM'));
INSERT INTO AUTHORS VALUES(AUTHOR_SEQ.NEXTVAL,'Annice Spurgin  ',TO_TIMESTAMP('','MM/DD/YYYY HH12:MI AM'));
INSERT INTO AUTHORS VALUES(AUTHOR_SEQ.NEXTVAL,'Aldo Ralls  ',TO_TIMESTAMP('12/23/16 12:00 AM','MM/DD/YYYY HH12:MI AM'));
INSERT INTO AUTHORS VALUES(AUTHOR_SEQ.NEXTVAL,'Shawnna Lyall  ',TO_TIMESTAMP('','MM/DD/YYYY HH12:MI AM'));
INSERT INTO AUTHORS VALUES(AUTHOR_SEQ.NEXTVAL,'Meaghan Escobedo  ',TO_TIMESTAMP('','MM/DD/YYYY HH12:MI AM'));
INSERT INTO AUTHORS VALUES(AUTHOR_SEQ.NEXTVAL,'Ardis Roma  ',TO_TIMESTAMP('','MM/DD/YYYY HH12:MI AM'));
INSERT INTO AUTHORS VALUES(AUTHOR_SEQ.NEXTVAL,'Samatha Hawke  ',TO_TIMESTAMP('','MM/DD/YYYY HH12:MI AM'));
INSERT INTO AUTHORS VALUES(AUTHOR_SEQ.NEXTVAL,'Antione Kruger  ',TO_TIMESTAMP('9/19/16 12:00 AM','MM/DD/YYYY HH12:MI AM'));
INSERT INTO AUTHORS VALUES(AUTHOR_SEQ.NEXTVAL,'Theodore Michalek  ',TO_TIMESTAMP('','MM/DD/YYYY HH12:MI AM'));
INSERT INTO AUTHORS VALUES(AUTHOR_SEQ.NEXTVAL,'Danyel Tuch  ',TO_TIMESTAMP('6/6/16 12:00 AM','MM/DD/YYYY HH12:MI AM'));
INSERT INTO AUTHORS VALUES(AUTHOR_SEQ.NEXTVAL,'Deanna Yoo  ',TO_TIMESTAMP('','MM/DD/YYYY HH12:MI AM'));
INSERT INTO AUTHORS VALUES(AUTHOR_SEQ.NEXTVAL,'Mark Levitsky  ',TO_TIMESTAMP('7/26/16 12:00 AM','MM/DD/YYYY HH12:MI AM'));
INSERT INTO AUTHORS VALUES(AUTHOR_SEQ.NEXTVAL,'Laticia Brick  ',TO_TIMESTAMP('','MM/DD/YYYY HH12:MI AM'));
--NEWS_AUTHORS
INSERT INTO NEWS_AUTHORS VALUES(TO_NUMBER('1'),TO_NUMBER('1'));
INSERT INTO NEWS_AUTHORS VALUES(TO_NUMBER('2'),TO_NUMBER('3'));
INSERT INTO NEWS_AUTHORS VALUES(TO_NUMBER('3'),TO_NUMBER('4'));
INSERT INTO NEWS_AUTHORS VALUES(TO_NUMBER('4'),TO_NUMBER('2'));
INSERT INTO NEWS_AUTHORS VALUES(TO_NUMBER('5'),TO_NUMBER('12'));
INSERT INTO NEWS_AUTHORS VALUES(TO_NUMBER('6'),TO_NUMBER('11'));
INSERT INTO NEWS_AUTHORS VALUES(TO_NUMBER('7'),TO_NUMBER('15'));
INSERT INTO NEWS_AUTHORS VALUES(TO_NUMBER('8'),TO_NUMBER('5'));
INSERT INTO NEWS_AUTHORS VALUES(TO_NUMBER('9'),TO_NUMBER('6'));
INSERT INTO NEWS_AUTHORS VALUES(TO_NUMBER('10'),TO_NUMBER('9'));
INSERT INTO NEWS_AUTHORS VALUES(TO_NUMBER('11'),TO_NUMBER('20'));
INSERT INTO NEWS_AUTHORS VALUES(TO_NUMBER('12'),TO_NUMBER('10'));
INSERT INTO NEWS_AUTHORS VALUES(TO_NUMBER('13'),TO_NUMBER('18'));
INSERT INTO NEWS_AUTHORS VALUES(TO_NUMBER('14'),TO_NUMBER('1'));
INSERT INTO NEWS_AUTHORS VALUES(TO_NUMBER('15'),TO_NUMBER('7'));
INSERT INTO NEWS_AUTHORS VALUES(TO_NUMBER('16'),TO_NUMBER('7'));
INSERT INTO NEWS_AUTHORS VALUES(TO_NUMBER('17'),TO_NUMBER('4'));
INSERT INTO NEWS_AUTHORS VALUES(TO_NUMBER('18'),TO_NUMBER('3'));
INSERT INTO NEWS_AUTHORS VALUES(TO_NUMBER('19'),TO_NUMBER('2'));
INSERT INTO NEWS_AUTHORS VALUES(TO_NUMBER('20'),TO_NUMBER('5'));
--TAGS
INSERT INTO TAGS VALUES(TAG_SEQ.NEXTVAL,'TECH');
INSERT INTO TAGS VALUES(TAG_SEQ.NEXTVAL,'ENTERTAINMENT');
INSERT INTO TAGS VALUES(TAG_SEQ.NEXTVAL,'SPORT');
INSERT INTO TAGS VALUES(TAG_SEQ.NEXTVAL,'MUSIC');
INSERT INTO TAGS VALUES(TAG_SEQ.NEXTVAL,'LIFE');
INSERT INTO TAGS VALUES(TAG_SEQ.NEXTVAL,'EDUCATION');
INSERT INTO TAGS VALUES(TAG_SEQ.NEXTVAL,'HOBBY');
INSERT INTO TAGS VALUES(TAG_SEQ.NEXTVAL,'ENGINEERING');
INSERT INTO TAGS VALUES(TAG_SEQ.NEXTVAL,'IT');
INSERT INTO TAGS VALUES(TAG_SEQ.NEXTVAL,'SOCIAL');
INSERT INTO TAGS VALUES(TAG_SEQ.NEXTVAL,'WEATHER');
INSERT INTO TAGS VALUES(TAG_SEQ.NEXTVAL,'POLITICS');
INSERT INTO TAGS VALUES(TAG_SEQ.NEXTVAL,'BUSINESS');
INSERT INTO TAGS VALUES(TAG_SEQ.NEXTVAL,'PARTY');
INSERT INTO TAGS VALUES(TAG_SEQ.NEXTVAL,'FUN');
INSERT INTO TAGS VALUES(TAG_SEQ.NEXTVAL,'CULTURE');
INSERT INTO TAGS VALUES(TAG_SEQ.NEXTVAL,'SCIENCE');
INSERT INTO TAGS VALUES(TAG_SEQ.NEXTVAL,'HEALTH');
INSERT INTO TAGS VALUES(TAG_SEQ.NEXTVAL,'ECONOMY');
INSERT INTO TAGS VALUES(TAG_SEQ.NEXTVAL,'REST');
--NEWS_TAGS
INSERT INTO NEWS_TAGS (NEWS_ID,TAG_ID) VALUES(TO_NUMBER('1'),TO_NUMBER('9'));
INSERT INTO NEWS_TAGS (NEWS_ID,TAG_ID) VALUES(TO_NUMBER('1'),TO_NUMBER('2'));
INSERT INTO NEWS_TAGS (NEWS_ID,TAG_ID) VALUES(TO_NUMBER('1'),TO_NUMBER('3'));
INSERT INTO NEWS_TAGS (NEWS_ID,TAG_ID) VALUES(TO_NUMBER('1'),TO_NUMBER('6'));
INSERT INTO NEWS_TAGS (NEWS_ID,TAG_ID) VALUES(TO_NUMBER('2'),TO_NUMBER('7'));
INSERT INTO NEWS_TAGS (NEWS_ID,TAG_ID) VALUES(TO_NUMBER('2'),TO_NUMBER('8'));
INSERT INTO NEWS_TAGS (NEWS_ID,TAG_ID) VALUES(TO_NUMBER('2'),TO_NUMBER('1'));
INSERT INTO NEWS_TAGS (NEWS_ID,TAG_ID) VALUES(TO_NUMBER('2'),TO_NUMBER('2'));
INSERT INTO NEWS_TAGS (NEWS_ID,TAG_ID) VALUES(TO_NUMBER('2'),TO_NUMBER('3'));
INSERT INTO NEWS_TAGS (NEWS_ID,TAG_ID) VALUES(TO_NUMBER('3'),TO_NUMBER('9'));
INSERT INTO NEWS_TAGS (NEWS_ID,TAG_ID) VALUES(TO_NUMBER('3'),TO_NUMBER('12'));
INSERT INTO NEWS_TAGS (NEWS_ID,TAG_ID) VALUES(TO_NUMBER('3'),TO_NUMBER('3'));
INSERT INTO NEWS_TAGS (NEWS_ID,TAG_ID) VALUES(TO_NUMBER('3'),TO_NUMBER('16'));
INSERT INTO NEWS_TAGS (NEWS_ID,TAG_ID) VALUES(TO_NUMBER('3'),TO_NUMBER('18'));
INSERT INTO NEWS_TAGS (NEWS_ID,TAG_ID) VALUES(TO_NUMBER('4'),TO_NUMBER('20'));
INSERT INTO NEWS_TAGS (NEWS_ID,TAG_ID) VALUES(TO_NUMBER('5'),TO_NUMBER('4'));
INSERT INTO NEWS_TAGS (NEWS_ID,TAG_ID) VALUES(TO_NUMBER('6'),TO_NUMBER('1'));
INSERT INTO NEWS_TAGS (NEWS_ID,TAG_ID) VALUES(TO_NUMBER('7'),TO_NUMBER('1'));
INSERT INTO NEWS_TAGS (NEWS_ID,TAG_ID) VALUES(TO_NUMBER('7'),TO_NUMBER('7'));
INSERT INTO NEWS_TAGS (NEWS_ID,TAG_ID) VALUES(TO_NUMBER('7'),TO_NUMBER('3'));
INSERT INTO NEWS_TAGS (NEWS_ID,TAG_ID) VALUES(TO_NUMBER('7'),TO_NUMBER('5'));
INSERT INTO NEWS_TAGS (NEWS_ID,TAG_ID) VALUES(TO_NUMBER('7'),TO_NUMBER('15'));
INSERT INTO NEWS_TAGS (NEWS_ID,TAG_ID) VALUES(TO_NUMBER('7'),TO_NUMBER('13'));
INSERT INTO NEWS_TAGS (NEWS_ID,TAG_ID) VALUES(TO_NUMBER('8'),TO_NUMBER('19'));
INSERT INTO NEWS_TAGS (NEWS_ID,TAG_ID) VALUES(TO_NUMBER('8'),TO_NUMBER('20'));
INSERT INTO NEWS_TAGS (NEWS_ID,TAG_ID) VALUES(TO_NUMBER('8'),TO_NUMBER('18'));
INSERT INTO NEWS_TAGS (NEWS_ID,TAG_ID) VALUES(TO_NUMBER('8'),TO_NUMBER('2'));
INSERT INTO NEWS_TAGS (NEWS_ID,TAG_ID) VALUES(TO_NUMBER('8'),TO_NUMBER('3'));
INSERT INTO NEWS_TAGS (NEWS_ID,TAG_ID) VALUES(TO_NUMBER('9'),TO_NUMBER('4'));
INSERT INTO NEWS_TAGS (NEWS_ID,TAG_ID) VALUES(TO_NUMBER('9'),TO_NUMBER('5'));
INSERT INTO NEWS_TAGS (NEWS_ID,TAG_ID) VALUES(TO_NUMBER('10'),TO_NUMBER('1'));
INSERT INTO NEWS_TAGS (NEWS_ID,TAG_ID) VALUES(TO_NUMBER('10'),TO_NUMBER('2'));
INSERT INTO NEWS_TAGS (NEWS_ID,TAG_ID) VALUES(TO_NUMBER('10'),TO_NUMBER('3'));
INSERT INTO NEWS_TAGS (NEWS_ID,TAG_ID) VALUES(TO_NUMBER('10'),TO_NUMBER('4'));
INSERT INTO NEWS_TAGS (NEWS_ID,TAG_ID) VALUES(TO_NUMBER('11'),TO_NUMBER('7'));
INSERT INTO NEWS_TAGS (NEWS_ID,TAG_ID) VALUES(TO_NUMBER('11'),TO_NUMBER('8'));
INSERT INTO NEWS_TAGS (NEWS_ID,TAG_ID) VALUES(TO_NUMBER('11'),TO_NUMBER('5'));
INSERT INTO NEWS_TAGS (NEWS_ID,TAG_ID) VALUES(TO_NUMBER('11'),TO_NUMBER('3'));
INSERT INTO NEWS_TAGS (NEWS_ID,TAG_ID) VALUES(TO_NUMBER('11'),TO_NUMBER('2'));
INSERT INTO NEWS_TAGS (NEWS_ID,TAG_ID) VALUES(TO_NUMBER('11'),TO_NUMBER('1'));
INSERT INTO NEWS_TAGS (NEWS_ID,TAG_ID) VALUES(TO_NUMBER('11'),TO_NUMBER('17'));
INSERT INTO NEWS_TAGS (NEWS_ID,TAG_ID) VALUES(TO_NUMBER('12'),TO_NUMBER('12'));
INSERT INTO NEWS_TAGS (NEWS_ID,TAG_ID) VALUES(TO_NUMBER('12'),TO_NUMBER('11'));
INSERT INTO NEWS_TAGS (NEWS_ID,TAG_ID) VALUES(TO_NUMBER('12'),TO_NUMBER('15'));
INSERT INTO NEWS_TAGS (NEWS_ID,TAG_ID) VALUES(TO_NUMBER('12'),TO_NUMBER('19'));
INSERT INTO NEWS_TAGS (NEWS_ID,TAG_ID) VALUES(TO_NUMBER('13'),TO_NUMBER('20'));
INSERT INTO NEWS_TAGS (NEWS_ID,TAG_ID) VALUES(TO_NUMBER('13'),TO_NUMBER('11'));
INSERT INTO NEWS_TAGS (NEWS_ID,TAG_ID) VALUES(TO_NUMBER('13'),TO_NUMBER('17'));
INSERT INTO NEWS_TAGS (NEWS_ID,TAG_ID) VALUES(TO_NUMBER('13'),TO_NUMBER('2'));
INSERT INTO NEWS_TAGS (NEWS_ID,TAG_ID) VALUES(TO_NUMBER('13'),TO_NUMBER('1'));
INSERT INTO NEWS_TAGS (NEWS_ID,TAG_ID) VALUES(TO_NUMBER('14'),TO_NUMBER('4'));
INSERT INTO NEWS_TAGS (NEWS_ID,TAG_ID) VALUES(TO_NUMBER('14'),TO_NUMBER('5'));
INSERT INTO NEWS_TAGS (NEWS_ID,TAG_ID) VALUES(TO_NUMBER('14'),TO_NUMBER('6'));
INSERT INTO NEWS_TAGS (NEWS_ID,TAG_ID) VALUES(TO_NUMBER('14'),TO_NUMBER('7'));
INSERT INTO NEWS_TAGS (NEWS_ID,TAG_ID) VALUES(TO_NUMBER('14'),TO_NUMBER('9'));
INSERT INTO NEWS_TAGS (NEWS_ID,TAG_ID) VALUES(TO_NUMBER('14'),TO_NUMBER('2'));
INSERT INTO NEWS_TAGS (NEWS_ID,TAG_ID) VALUES(TO_NUMBER('15'),TO_NUMBER('1'));
INSERT INTO NEWS_TAGS (NEWS_ID,TAG_ID) VALUES(TO_NUMBER('16'),TO_NUMBER('1'));
INSERT INTO NEWS_TAGS (NEWS_ID,TAG_ID) VALUES(TO_NUMBER('16'),TO_NUMBER('2'));
INSERT INTO NEWS_TAGS (NEWS_ID,TAG_ID) VALUES(TO_NUMBER('16'),TO_NUMBER('3'));
INSERT INTO NEWS_TAGS (NEWS_ID,TAG_ID) VALUES(TO_NUMBER('17'),TO_NUMBER('7'));
INSERT INTO NEWS_TAGS (NEWS_ID,TAG_ID) VALUES(TO_NUMBER('18'),TO_NUMBER('8'));
INSERT INTO NEWS_TAGS (NEWS_ID,TAG_ID) VALUES(TO_NUMBER('19'),TO_NUMBER('1'));
INSERT INTO NEWS_TAGS (NEWS_ID,TAG_ID) VALUES(TO_NUMBER('19'),TO_NUMBER('20'));
INSERT INTO NEWS_TAGS (NEWS_ID,TAG_ID) VALUES(TO_NUMBER('19'),TO_NUMBER('15'));
INSERT INTO NEWS_TAGS (NEWS_ID,TAG_ID) VALUES(TO_NUMBER('19'),TO_NUMBER('12'));
INSERT INTO NEWS_TAGS (NEWS_ID,TAG_ID) VALUES(TO_NUMBER('19'),TO_NUMBER('11'));
INSERT INTO NEWS_TAGS (NEWS_ID,TAG_ID) VALUES(TO_NUMBER('19'),TO_NUMBER('10'));
INSERT INTO NEWS_TAGS (NEWS_ID,TAG_ID) VALUES(TO_NUMBER('20'),TO_NUMBER('1'));
INSERT INTO NEWS_TAGS (NEWS_ID,TAG_ID) VALUES(TO_NUMBER('20'),TO_NUMBER('2'));
INSERT INTO NEWS_TAGS (NEWS_ID,TAG_ID) VALUES(TO_NUMBER('20'),TO_NUMBER('3'));
INSERT INTO NEWS_TAGS (NEWS_ID,TAG_ID) VALUES(TO_NUMBER('20'),TO_NUMBER('4'));
INSERT INTO NEWS_TAGS (NEWS_ID,TAG_ID) VALUES(TO_NUMBER('20'),TO_NUMBER('5'));
INSERT INTO NEWS_TAGS (NEWS_ID,TAG_ID) VALUES(TO_NUMBER('20'),TO_NUMBER('6'));
INSERT INTO NEWS_TAGS (NEWS_ID,TAG_ID) VALUES(TO_NUMBER('20'),TO_NUMBER('7'));
INSERT INTO NEWS_TAGS (NEWS_ID,TAG_ID) VALUES(TO_NUMBER('20'),TO_NUMBER('15'));
INSERT INTO NEWS_TAGS (NEWS_ID,TAG_ID) VALUES(TO_NUMBER('20'),TO_NUMBER('16'));
INSERT INTO NEWS_TAGS (NEWS_ID,TAG_ID) VALUES(TO_NUMBER('20'),TO_NUMBER('17'));
INSERT INTO NEWS_TAGS (NEWS_ID,TAG_ID) VALUES(TO_NUMBER('20'),TO_NUMBER('18'));
INSERT INTO NEWS_TAGS (NEWS_ID,TAG_ID) VALUES(TO_NUMBER('20'),TO_NUMBER('19'));
INSERT INTO NEWS_TAGS (NEWS_ID,TAG_ID) VALUES(TO_NUMBER('20'),TO_NUMBER('20'));
INSERT INTO NEWS_TAGS (NEWS_ID,TAG_ID) VALUES(TO_NUMBER('20'),TO_NUMBER('10'));
INSERT INTO NEWS_TAGS (NEWS_ID,TAG_ID) VALUES(TO_NUMBER('20'),TO_NUMBER('9'));
--ROLES
INSERT INTO NM_ROLES (ROLE_ID,ROLE_NAME) VALUES(ROLE_SEQ.NEXTVAL,'Admin');
INSERT INTO NM_ROLES (ROLE_ID,ROLE_NAME) VALUES(ROLE_SEQ.NEXTVAL,'Client');
--USERS
INSERT INTO NM_USERS (USER_ID,USER_NAME,USER_LOGIN,USER_PASSWORD,ROLE_ID) VALUES(USER_SEQ.NEXTVAL,'Alex','alex@gmial.com','alex1',1);
INSERT INTO NM_USERS (USER_ID,USER_NAME,USER_LOGIN,USER_PASSWORD,ROLE_ID) VALUES(USER_SEQ.NEXTVAL,'Nick','nick@gmial.com','nick1',2);
INSERT INTO NM_USERS (USER_ID,USER_NAME,USER_LOGIN,USER_PASSWORD,ROLE_ID) VALUES(USER_SEQ.NEXTVAL,'John','john@gmial.com','john1',2);